epoch	iso_utc	elapsed_s	gpu	name	util_pct	mem_used_mb	mem_total_mb	ours	ctrl_alive	trials	champion
1787299084.456	2026-08-21T07:58:04Z	0	0	NVIDIA H200	2	3656	143771	yes	alive	111	0.967286
1787299084.456	2026-08-21T07:58:04Z	0	1	NVIDIA H200	100	106117	143771	no	alive	111	0.967286
1787299084.456	2026-08-21T07:58:04Z	0	2	NVIDIA H200	100	104047	143771	no	alive	111	0.967286
1787299084.456	2026-08-21T07:58:04Z	0	3	NVIDIA H200	99	52249	143771	no	alive	111	0.967286
1787299084.456	2026-08-21T07:58:04Z	0	4	NVIDIA H200	100	105573	143771	no	alive	111	0.967286
1787299084.456	2026-08-21T07:58:04Z	0	5	NVIDIA H200	19	12747	143771	no	alive	111	0.967286
1787299084.456	2026-08-21T07:58:04Z	0	6	NVIDIA H200	20	12747	143771	no	alive	111	0.967286
1787299084.456	2026-08-21T07:58:04Z	0	7	NVIDIA H200	100	104047	143771	no	alive	111	0.967286
1787300884.671	2026-08-21T08:28:04Z	1800	0	NVIDIA H200	93	107122	143771	yes	down	113	0.967286
1787300884.671	2026-08-21T08:28:04Z	1800	1	NVIDIA H200	100	104047	143771	no	down	113	0.967286
1787300884.671	2026-08-21T08:28:04Z	1800	2	NVIDIA H200	100	104047	143771	no	down	113	0.967286
1787300884.671	2026-08-21T08:28:04Z	1800	3	NVIDIA H200	100	50685	143771	no	down	113	0.967286
1787300884.671	2026-08-21T08:28:04Z	1800	4	NVIDIA H200	0	4	143771	no	down	113	0.967286
1787300884.671	2026-08-21T08:28:04Z	1800	5	NVIDIA H200	18	12747	143771	no	down	113	0.967286
1787300884.671	2026-08-21T08:28:04Z	1800	6	NVIDIA H200	19	12747	143771	no	down	113	0.967286
1787300884.671	2026-08-21T08:28:04Z	1800	7	NVIDIA H200	100	104047	143771	no	down	113	0.967286
1787302684.888	2026-08-21T08:58:04Z	3600	0	NVIDIA H200	0	2187	143771	yes	down	113	0.967286
1787302684.888	2026-08-21T08:58:04Z	3600	1	NVIDIA H200	100	104047	143771	no	down	113	0.967286
1787302684.888	2026-08-21T08:58:04Z	3600	2	NVIDIA H200	100	104047	143771	no	down	113	0.967286
1787302684.888	2026-08-21T08:58:04Z	3600	3	NVIDIA H200	9	28389	143771	no	down	113	0.967286
1787302684.888	2026-08-21T08:58:04Z	3600	4	NVIDIA H200	100	104047	143771	no	down	113	0.967286
1787302684.888	2026-08-21T08:58:04Z	3600	5	NVIDIA H200	18	12747	143771	no	down	113	0.967286
1787302684.888	2026-08-21T08:58:04Z	3600	6	NVIDIA H200	20	12747	143771	no	down	113	0.967286
1787302684.888	2026-08-21T08:58:04Z	3600	7	NVIDIA H200	99	104047	143771	no	down	113	0.967286
1787304485.098	2026-08-21T09:28:05Z	5401	0	NVIDIA H200	46	9200	143771	yes	alive	114	0.967286
1787304485.098	2026-08-21T09:28:05Z	5401	1	NVIDIA H200	100	104047	143771	no	alive	114	0.967286
1787304485.098	2026-08-21T09:28:05Z	5401	2	NVIDIA H200	100	104047	143771	no	alive	114	0.967286
1787304485.098	2026-08-21T09:28:05Z	5401	3	NVIDIA H200	8	50689	143771	no	alive	114	0.967286
1787304485.098	2026-08-21T09:28:05Z	5401	4	NVIDIA H200	100	104047	143771	no	alive	114	0.967286
1787304485.098	2026-08-21T09:28:05Z	5401	5	NVIDIA H200	19	12747	143771	no	alive	114	0.967286
1787304485.098	2026-08-21T09:28:05Z	5401	6	NVIDIA H200	20	12747	143771	no	alive	114	0.967286
1787304485.098	2026-08-21T09:28:05Z	5401	7	NVIDIA H200	100	104047	143771	no	alive	114	0.967286
1787306285.266	2026-08-21T09:58:05Z	7201	0	NVIDIA H200	100	22252	143771	yes	alive	115	0.967286
1787306285.266	2026-08-21T09:58:05Z	7201	1	NVIDIA H200	0	4	143771	no	alive	115	0.967286
1787306285.266	2026-08-21T09:58:05Z	7201	2	NVIDIA H200	0	4	143771	no	alive	115	0.967286
1787306285.266	2026-08-21T09:58:05Z	7201	3	NVIDIA H200	0	1093	143771	no	alive	115	0.967286
1787306285.266	2026-08-21T09:58:05Z	7201	4	NVIDIA H200	99	104047	143771	no	alive	115	0.967286
1787306285.266	2026-08-21T09:58:05Z	7201	5	NVIDIA H200	18	12747	143771	no	alive	115	0.967286
1787306285.266	2026-08-21T09:58:05Z	7201	6	NVIDIA H200	18	12747	143771	no	alive	115	0.967286
1787306285.266	2026-08-21T09:58:05Z	7201	7	NVIDIA H200	100	45341	143771	no	alive	115	0.967286
1787308085.435	2026-08-21T10:28:05Z	9001	0	NVIDIA H200	50	22252	143771	yes	alive	117	0.967286
1787308085.435	2026-08-21T10:28:05Z	9001	1	NVIDIA H200	0	4	143771	no	alive	117	0.967286
1787308085.435	2026-08-21T10:28:05Z	9001	2	NVIDIA H200	99	66179	143771	no	alive	117	0.967286
1787308085.435	2026-08-21T10:28:05Z	9001	3	NVIDIA H200	98	4739	143771	no	alive	117	0.967286
1787308085.435	2026-08-21T10:28:05Z	9001	4	NVIDIA H200	100	104047	143771	no	alive	117	0.967286
1787308085.435	2026-08-21T10:28:05Z	9001	5	NVIDIA H200	20	12747	143771	no	alive	117	0.967286
1787308085.435	2026-08-21T10:28:05Z	9001	6	NVIDIA H200	20	12747	143771	no	alive	117	0.967286
1787308085.435	2026-08-21T10:28:05Z	9001	7	NVIDIA H200	0	4	143771	no	alive	117	0.967286
1787309885.632	2026-08-21T10:58:05Z	10801	0	NVIDIA H200	76	22252	143771	yes	alive	119	0.967286
1787309885.632	2026-08-21T10:58:05Z	10801	1	NVIDIA H200	0	4	143771	no	alive	119	0.967286
1787309885.632	2026-08-21T10:58:05Z	10801	2	NVIDIA H200	100	66179	143771	no	alive	119	0.967286
1787309885.632	2026-08-21T10:58:05Z	10801	3	NVIDIA H200	100	142433	143771	no	alive	119	0.967286
1787309885.632	2026-08-21T10:58:05Z	10801	4	NVIDIA H200	0	4	143771	no	alive	119	0.967286
1787309885.632	2026-08-21T10:58:05Z	10801	5	NVIDIA H200	19	12747	143771	no	alive	119	0.967286
1787309885.632	2026-08-21T10:58:05Z	10801	6	NVIDIA H200	19	12747	143771	no	alive	119	0.967286
1787309885.632	2026-08-21T10:58:05Z	10801	7	NVIDIA H200	0	4	143771	no	alive	119	0.967286
1787311685.814	2026-08-21T11:28:05Z	12601	0	NVIDIA H200	0	2187	143771	yes	alive	121	0.967286
1787311685.814	2026-08-21T11:28:05Z	12601	1	NVIDIA H200	0	4	143771	no	alive	121	0.967286
1787311685.814	2026-08-21T11:28:05Z	12601	2	NVIDIA H200	100	41435	143771	no	alive	121	0.967286
1787311685.814	2026-08-21T11:28:05Z	12601	3	NVIDIA H200	0	1093	143771	no	alive	121	0.967286
1787311685.814	2026-08-21T11:28:05Z	12601	4	NVIDIA H200	0	4	143771	no	alive	121	0.967286
1787311685.814	2026-08-21T11:28:05Z	12601	5	NVIDIA H200	20	12747	143771	no	alive	121	0.967286
1787311685.814	2026-08-21T11:28:05Z	12601	6	NVIDIA H200	20	12747	143771	no	alive	121	0.967286
1787311685.814	2026-08-21T11:28:05Z	12601	7	NVIDIA H200	0	4	143771	no	alive	121	0.967286
1787313486.003	2026-08-21T11:58:06Z	14402	0	NVIDIA H200	4	20960	143771	yes	alive	123	0.967286
1787313486.003	2026-08-21T11:58:06Z	14402	1	NVIDIA H200	97	25205	143771	no	alive	123	0.967286
1787313486.003	2026-08-21T11:58:06Z	14402	2	NVIDIA H200	0	4	143771	no	alive	123	0.967286
1787313486.003	2026-08-21T11:58:06Z	14402	3	NVIDIA H200	2	2811	143771	no	alive	123	0.967286
1787313486.003	2026-08-21T11:58:06Z	14402	4	NVIDIA H200	52	3573	143771	no	alive	123	0.967286
1787313486.003	2026-08-21T11:58:06Z	14402	5	NVIDIA H200	19	12747	143771	no	alive	123	0.967286
1787313486.003	2026-08-21T11:58:06Z	14402	6	NVIDIA H200	19	12747	143771	no	alive	123	0.967286
1787313486.003	2026-08-21T11:58:06Z	14402	7	NVIDIA H200	0	6003	143771	no	alive	123	0.967286
1787315286.213	2026-08-21T12:28:06Z	16202	0	NVIDIA H200	99	9647	143771	yes	alive	124	0.967286
1787315286.213	2026-08-21T12:28:06Z	16202	1	NVIDIA H200	0	26036	143771	no	alive	124	0.967286
1787315286.213	2026-08-21T12:28:06Z	16202	2	NVIDIA H200	100	26036	143771	no	alive	124	0.967286
1787315286.213	2026-08-21T12:28:06Z	16202	3	NVIDIA H200	22	3103	143771	no	alive	124	0.967286
1787315286.213	2026-08-21T12:28:06Z	16202	4	NVIDIA H200	100	26036	143771	no	alive	124	0.967286
1787315286.213	2026-08-21T12:28:06Z	16202	5	NVIDIA H200	19	12748	143771	no	alive	124	0.967286
1787315286.213	2026-08-21T12:28:06Z	16202	6	NVIDIA H200	20	12748	143771	no	alive	124	0.967286
1787315286.213	2026-08-21T12:28:06Z	16202	7	NVIDIA H200	100	10095	143771	no	alive	124	0.967286
1787317086.422	2026-08-21T12:58:06Z	18002	0	NVIDIA H200	100	11983	143771	yes	down	126	0.967286
1787317086.422	2026-08-21T12:58:06Z	18002	1	NVIDIA H200	100	26036	143771	no	down	126	0.967286
1787317086.422	2026-08-21T12:58:06Z	18002	2	NVIDIA H200	100	26036	143771	no	down	126	0.967286
1787317086.422	2026-08-21T12:58:06Z	18002	3	NVIDIA H200	0	1094	143771	no	down	126	0.967286
1787317086.422	2026-08-21T12:58:06Z	18002	4	NVIDIA H200	100	26036	143771	no	down	126	0.967286
1787317086.422	2026-08-21T12:58:06Z	18002	5	NVIDIA H200	18	12748	143771	no	down	126	0.967286
1787317086.422	2026-08-21T12:58:06Z	18002	6	NVIDIA H200	28	12748	143771	no	down	126	0.967286
1787317086.422	2026-08-21T12:58:06Z	18002	7	NVIDIA H200	0	4	143771	no	down	126	0.967286
1787318886.615	2026-08-21T13:28:06Z	19802	0	NVIDIA H200	100	11983	143771	yes	alive	127	0.967286
1787318886.615	2026-08-21T13:28:06Z	19802	1	NVIDIA H200	100	26036	143771	no	alive	127	0.967286
1787318886.615	2026-08-21T13:28:06Z	19802	2	NVIDIA H200	100	26036	143771	no	alive	127	0.967286
1787318886.615	2026-08-21T13:28:06Z	19802	3	NVIDIA H200	0	1094	143771	no	alive	127	0.967286
1787318886.615	2026-08-21T13:28:06Z	19802	4	NVIDIA H200	100	26036	143771	no	alive	127	0.967286
1787318886.615	2026-08-21T13:28:06Z	19802	5	NVIDIA H200	27	12748	143771	no	alive	127	0.967286
1787318886.615	2026-08-21T13:28:06Z	19802	6	NVIDIA H200	16	12748	143771	no	alive	127	0.967286
1787318886.615	2026-08-21T13:28:06Z	19802	7	NVIDIA H200	0	4	143771	no	alive	127	0.967286
1787320686.840	2026-08-21T13:58:06Z	21602	0	NVIDIA H200	57	6920	143771	yes	alive	129	0.967286
1787320686.840	2026-08-21T13:58:06Z	21602	1	NVIDIA H200	100	26036	143771	no	alive	129	0.967286
1787320686.840	2026-08-21T13:58:06Z	21602	2	NVIDIA H200	100	26036	143771	no	alive	129	0.967286
1787320686.840	2026-08-21T13:58:06Z	21602	3	NVIDIA H200	0	1093	143771	no	alive	129	0.967286
1787320686.840	2026-08-21T13:58:06Z	21602	4	NVIDIA H200	99	26035	143771	no	alive	129	0.967286
1787320686.840	2026-08-21T13:58:06Z	21602	5	NVIDIA H200	53	4738	143771	no	alive	129	0.967286
1787320686.840	2026-08-21T13:58:06Z	21602	6	NVIDIA H200	55	4737	143771	no	alive	129	0.967286
1787320686.840	2026-08-21T13:58:06Z	21602	7	NVIDIA H200	52	4737	143771	no	alive	129	0.967286
1787322487.051	2026-08-21T14:28:07Z	23403	0	NVIDIA H200	98	9685	143771	yes	alive	131	0.967286
1787322487.051	2026-08-21T14:28:07Z	23403	1	NVIDIA H200	100	26036	143771	no	alive	131	0.967286
1787322487.051	2026-08-21T14:28:07Z	23403	2	NVIDIA H200	100	26036	143771	no	alive	131	0.967286
1787322487.051	2026-08-21T14:28:07Z	23403	3	NVIDIA H200	0	1094	143771	no	alive	131	0.967286
1787322487.051	2026-08-21T14:28:07Z	23403	4	NVIDIA H200	100	26036	143771	no	alive	131	0.967286
1787322487.051	2026-08-21T14:28:07Z	23403	5	NVIDIA H200	0	4	143771	no	alive	131	0.967286
1787322487.051	2026-08-21T14:28:07Z	23403	6	NVIDIA H200	0	4	143771	no	alive	131	0.967286
1787322487.051	2026-08-21T14:28:07Z	23403	7	NVIDIA H200	0	4	143771	no	alive	131	0.967286
1787324287.276	2026-08-21T14:58:07Z	25203	0	NVIDIA H200	100	12033	143771	yes	alive	133	0.967286
1787324287.276	2026-08-21T14:58:07Z	25203	1	NVIDIA H200	100	26036	143771	no	alive	133	0.967286
1787324287.276	2026-08-21T14:58:07Z	25203	2	NVIDIA H200	100	26036	143771	no	alive	133	0.967286
1787324287.276	2026-08-21T14:58:07Z	25203	3	NVIDIA H200	0	1094	143771	no	alive	133	0.967286
1787324287.276	2026-08-21T14:58:07Z	25203	4	NVIDIA H200	100	26036	143771	no	alive	133	0.967286
1787324287.276	2026-08-21T14:58:07Z	25203	5	NVIDIA H200	0	4	143771	no	alive	133	0.967286
1787324287.276	2026-08-21T14:58:07Z	25203	6	NVIDIA H200	0	4	143771	no	alive	133	0.967286
1787324287.276	2026-08-21T14:58:07Z	25203	7	NVIDIA H200	0	4	143771	no	alive	133	0.967286
1787326087.482	2026-08-21T15:28:07Z	27003	0	NVIDIA H200	100	12033	143771	yes	alive	135	0.967286
1787326087.482	2026-08-21T15:28:07Z	27003	1	NVIDIA H200	0	4	143771	no	alive	135	0.967286
1787326087.482	2026-08-21T15:28:07Z	27003	2	NVIDIA H200	0	4	143771	no	alive	135	0.967286
1787326087.482	2026-08-21T15:28:07Z	27003	3	NVIDIA H200	0	1094	143771	no	alive	135	0.967286
1787326087.482	2026-08-21T15:28:07Z	27003	4	NVIDIA H200	100	26036	143771	no	alive	135	0.967286
1787326087.482	2026-08-21T15:28:07Z	27003	5	NVIDIA H200	85	4738	143771	no	alive	135	0.967286
1787326087.482	2026-08-21T15:28:07Z	27003	6	NVIDIA H200	51	4738	143771	no	alive	135	0.967286
1787326087.482	2026-08-21T15:28:07Z	27003	7	NVIDIA H200	0	4	143771	no	alive	135	0.967286
1787327887.701	2026-08-21T15:58:07Z	28803	0	NVIDIA H200	0	2187	143771	yes	alive	137	0.967286
1787327887.701	2026-08-21T15:58:07Z	28803	1	NVIDIA H200	48	4717	143771	no	alive	137	0.967286
1787327887.701	2026-08-21T15:58:07Z	28803	2	NVIDIA H200	0	4	143771	no	alive	137	0.967286
1787327887.701	2026-08-21T15:58:07Z	28803	3	NVIDIA H200	0	1093	143771	no	alive	137	0.967286
1787327887.701	2026-08-21T15:58:07Z	28803	4	NVIDIA H200	100	25001	143771	no	alive	137	0.967286
1787327887.701	2026-08-21T15:58:07Z	28803	5	NVIDIA H200	60	4717	143771	no	alive	137	0.967286
1787327887.701	2026-08-21T15:58:07Z	28803	6	NVIDIA H200	49	4738	143771	no	alive	137	0.967286
1787327887.701	2026-08-21T15:58:07Z	28803	7	NVIDIA H200	0	4	143771	no	alive	137	0.967286
1787329687.875	2026-08-21T16:28:07Z	30603	0	NVIDIA H200	0	2187	143771	yes	alive	139	0.967286
1787329687.875	2026-08-21T16:28:07Z	30603	1	NVIDIA H200	78	4717	143771	no	alive	139	0.967286
1787329687.875	2026-08-21T16:28:07Z	30603	2	NVIDIA H200	0	4	143771	no	alive	139	0.967286
1787329687.875	2026-08-21T16:28:07Z	30603	3	NVIDIA H200	0	1093	143771	no	alive	139	0.967286
1787329687.875	2026-08-21T16:28:07Z	30603	4	NVIDIA H200	100	25001	143771	no	alive	139	0.967286
1787329687.875	2026-08-21T16:28:07Z	30603	5	NVIDIA H200	0	4	143771	no	alive	139	0.967286
1787329687.875	2026-08-21T16:28:07Z	30603	6	NVIDIA H200	82	4717	143771	no	alive	139	0.967286
1787329687.875	2026-08-21T16:28:07Z	30603	7	NVIDIA H200	0	4	143771	no	alive	139	0.967286
1787331488.049	2026-08-21T16:58:08Z	32404	0	NVIDIA H200	0	2187	143771	yes	alive	142	0.967286
1787331488.049	2026-08-21T16:58:08Z	32404	1	NVIDIA H200	0	4	143771	no	alive	142	0.967286
1787331488.049	2026-08-21T16:58:08Z	32404	2	NVIDIA H200	0	4	143771	no	alive	142	0.967286
1787331488.049	2026-08-21T16:58:08Z	32404	3	NVIDIA H200	0	1093	143771	no	alive	142	0.967286
1787331488.049	2026-08-21T16:58:08Z	32404	4	NVIDIA H200	100	25001	143771	no	alive	142	0.967286
1787331488.049	2026-08-21T16:58:08Z	32404	5	NVIDIA H200	0	4	143771	no	alive	142	0.967286
1787331488.049	2026-08-21T16:58:08Z	32404	6	NVIDIA H200	0	4	143771	no	alive	142	0.967286
1787331488.049	2026-08-21T16:58:08Z	32404	7	NVIDIA H200	0	4	143771	no	alive	142	0.967286
1787333288.229	2026-08-21T17:28:08Z	34204	0	NVIDIA H200	99	9707	143771	yes	alive	144	0.967286
1787333288.229	2026-08-21T17:28:08Z	34204	1	NVIDIA H200	0	4	143771	no	alive	144	0.967286
1787333288.229	2026-08-21T17:28:08Z	34204	2	NVIDIA H200	0	4	143771	no	alive	144	0.967286
1787333288.229	2026-08-21T17:28:08Z	34204	3	NVIDIA H200	0	1094	143771	no	alive	144	0.967286
1787333288.229	2026-08-21T17:28:08Z	34204	4	NVIDIA H200	100	25002	143771	no	alive	144	0.967286
1787333288.229	2026-08-21T17:28:08Z	34204	5	NVIDIA H200	0	4	143771	no	alive	144	0.967286
1787333288.229	2026-08-21T17:28:08Z	34204	6	NVIDIA H200	0	4	143771	no	alive	144	0.967286
1787333288.229	2026-08-21T17:28:08Z	34204	7	NVIDIA H200	0	4	143771	no	alive	144	0.967286
1787335088.449	2026-08-21T17:58:08Z	36004	0	NVIDIA H200	100	12041	143771	yes	alive	146	0.967286
1787335088.449	2026-08-21T17:58:08Z	36004	1	NVIDIA H200	95	1983	143771	no	alive	146	0.967286
1787335088.449	2026-08-21T17:58:08Z	36004	2	NVIDIA H200	91	1983	143771	no	alive	146	0.967286
1787335088.449	2026-08-21T17:58:08Z	36004	3	NVIDIA H200	19	2229	143771	no	alive	146	0.967286
1787335088.449	2026-08-21T17:58:08Z	36004	4	NVIDIA H200	100	25002	143771	no	alive	146	0.967286
1787335088.449	2026-08-21T17:58:08Z	36004	5	NVIDIA H200	87	1979	143771	no	alive	146	0.967286
1787335088.449	2026-08-21T17:58:08Z	36004	6	NVIDIA H200	87	1983	143771	no	alive	146	0.967286
1787335088.449	2026-08-21T17:58:08Z	36004	7	NVIDIA H200	90	1979	143771	no	alive	146	0.967286
1787336888.658	2026-08-21T18:28:08Z	37804	0	NVIDIA H200	0	2187	143771	yes	alive	148	0.967286
1787336888.658	2026-08-21T18:28:08Z	37804	1	NVIDIA H200	21	1140	143771	no	alive	148	0.967286
1787336888.658	2026-08-21T18:28:08Z	37804	2	NVIDIA H200	20	1140	143771	no	alive	148	0.967286
1787336888.658	2026-08-21T18:28:08Z	37804	3	NVIDIA H200	21	2229	143771	no	alive	148	0.967286
1787336888.658	2026-08-21T18:28:08Z	37804	4	NVIDIA H200	100	25001	143771	no	alive	148	0.967286
1787336888.658	2026-08-21T18:28:08Z	37804	5	NVIDIA H200	19	1140	143771	no	alive	148	0.967286
1787336888.658	2026-08-21T18:28:08Z	37804	6	NVIDIA H200	20	1140	143771	no	alive	148	0.967286
1787336888.658	2026-08-21T18:28:08Z	37804	7	NVIDIA H200	21	1139	143771	no	alive	148	0.967286
1787338688.863	2026-08-21T18:58:08Z	39604	0	NVIDIA H200	0	2187	143771	yes	alive	150	0.967286
1787338688.863	2026-08-21T18:58:08Z	39604	1	NVIDIA H200	99	5873	143771	no	alive	150	0.967286
1787338688.863	2026-08-21T18:58:08Z	39604	2	NVIDIA H200	99	5873	143771	no	alive	150	0.967286
1787338688.863	2026-08-21T18:58:08Z	39604	3	NVIDIA H200	19	2229	143771	no	alive	150	0.967286
1787338688.863	2026-08-21T18:58:08Z	39604	4	NVIDIA H200	100	25001	143771	no	alive	150	0.967286
1787338688.863	2026-08-21T18:58:08Z	39604	5	NVIDIA H200	20	1140	143771	no	alive	150	0.967286
1787338688.863	2026-08-21T18:58:08Z	39604	6	NVIDIA H200	21	1140	143771	no	alive	150	0.967286
1787338688.863	2026-08-21T18:58:08Z	39604	7	NVIDIA H200	21	1355	143771	no	alive	150	0.967286
1787340489.068	2026-08-21T19:28:09Z	41405	0	NVIDIA H200	98	9691	143771	yes	alive	152	0.967286
1787340489.068	2026-08-21T19:28:09Z	41405	1	NVIDIA H200	20	1140	143771	no	alive	152	0.967286
1787340489.068	2026-08-21T19:28:09Z	41405	2	NVIDIA H200	21	1140	143771	no	alive	152	0.967286
1787340489.068	2026-08-21T19:28:09Z	41405	3	NVIDIA H200	21	2229	143771	no	alive	152	0.967286
1787340489.068	2026-08-21T19:28:09Z	41405	4	NVIDIA H200	100	25002	143771	no	alive	152	0.967286
1787340489.068	2026-08-21T19:28:09Z	41405	5	NVIDIA H200	99	5853	143771	no	alive	152	0.967286
1787340489.068	2026-08-21T19:28:09Z	41405	6	NVIDIA H200	21	1140	143771	no	alive	152	0.967286
1787340489.068	2026-08-21T19:28:09Z	41405	7	NVIDIA H200	21	1356	143771	no	alive	152	0.967286
1787342289.276	2026-08-21T19:58:09Z	43205	0	NVIDIA H200	99	12027	143771	yes	alive	154	0.967286
1787342289.276	2026-08-21T19:58:09Z	43205	1	NVIDIA H200	20	1140	143771	no	alive	154	0.967286
1787342289.276	2026-08-21T19:58:09Z	43205	2	NVIDIA H200	18	1140	143771	no	alive	154	0.967286
1787342289.276	2026-08-21T19:58:09Z	43205	3	NVIDIA H200	18	2229	143771	no	alive	154	0.967286
1787342289.276	2026-08-21T19:58:09Z	43205	4	NVIDIA H200	100	25002	143771	no	alive	154	0.967286
1787342289.276	2026-08-21T19:58:09Z	43205	5	NVIDIA H200	99	5853	143771	no	alive	154	0.967286
1787342289.276	2026-08-21T19:58:09Z	43205	6	NVIDIA H200	21	1140	143771	no	alive	154	0.967286
1787342289.276	2026-08-21T19:58:09Z	43205	7	NVIDIA H200	0	4	143771	no	alive	154	0.967286
1787344089.491	2026-08-21T20:28:09Z	45005	0	NVIDIA H200	0	2187	143771	yes	alive	157	0.967286
1787344089.491	2026-08-21T20:28:09Z	45005	1	NVIDIA H200	19	1140	143771	no	alive	157	0.967286
1787344089.491	2026-08-21T20:28:09Z	45005	2	NVIDIA H200	17	1140	143771	no	alive	157	0.967286
1787344089.491	2026-08-21T20:28:09Z	45005	3	NVIDIA H200	17	2229	143771	no	alive	157	0.967286
1787344089.491	2026-08-21T20:28:09Z	45005	4	NVIDIA H200	100	25001	143771	no	alive	157	0.967286
1787344089.491	2026-08-21T20:28:09Z	45005	5	NVIDIA H200	14	1140	143771	no	alive	157	0.967286
1787344089.491	2026-08-21T20:28:09Z	45005	6	NVIDIA H200	14	1140	143771	no	alive	157	0.967286
1787344089.491	2026-08-21T20:28:09Z	45005	7	NVIDIA H200	0	4	143771	no	alive	157	0.967286
1787345889.706	2026-08-21T20:58:09Z	46805	0	NVIDIA H200	99	9691	143771	yes	alive	159	0.967286
1787345889.706	2026-08-21T20:58:09Z	46805	1	NVIDIA H200	15	1140	143771	no	alive	159	0.967286
1787345889.706	2026-08-21T20:58:09Z	46805	2	NVIDIA H200	14	1140	143771	no	alive	159	0.967286
1787345889.706	2026-08-21T20:58:09Z	46805	3	NVIDIA H200	14	2229	143771	no	alive	159	0.967286
1787345889.706	2026-08-21T20:58:09Z	46805	4	NVIDIA H200	100	25002	143771	no	alive	159	0.967286
1787345889.706	2026-08-21T20:58:09Z	46805	5	NVIDIA H200	14	1140	143771	no	alive	159	0.967286
1787345889.706	2026-08-21T20:58:09Z	46805	6	NVIDIA H200	13	1236	143771	no	alive	159	0.967286
1787345889.706	2026-08-21T20:58:09Z	46805	7	NVIDIA H200	0	4	143771	no	alive	159	0.967286
1787347689.939	2026-08-21T21:28:09Z	48605	0	NVIDIA H200	99	9705	143771	yes	alive	161	0.967286
1787347689.939	2026-08-21T21:28:09Z	48605	1	NVIDIA H200	15	1236	143771	no	alive	161	0.967286
1787347689.939	2026-08-21T21:28:09Z	48605	2	NVIDIA H200	15	1236	143771	no	alive	161	0.967286
1787347689.939	2026-08-21T21:28:09Z	48605	3	NVIDIA H200	13	2325	143771	no	alive	161	0.967286
1787347689.939	2026-08-21T21:28:09Z	48605	4	NVIDIA H200	100	25002	143771	no	alive	161	0.967286
1787347689.939	2026-08-21T21:28:09Z	48605	5	NVIDIA H200	15	1236	143771	no	alive	161	0.967286
1787347689.939	2026-08-21T21:28:09Z	48605	6	NVIDIA H200	15	1356	143771	no	alive	161	0.967286
1787347689.939	2026-08-21T21:28:09Z	48605	7	NVIDIA H200	0	4	143771	no	alive	161	0.967286
1787349490.165	2026-08-21T21:58:10Z	50406	0	NVIDIA H200	99	12035	143771	yes	alive	163	0.967286
1787349490.165	2026-08-21T21:58:10Z	50406	1	NVIDIA H200	15	1356	143771	no	alive	163	0.967286
1787349490.165	2026-08-21T21:58:10Z	50406	2	NVIDIA H200	15	1356	143771	no	alive	163	0.967286
1787349490.165	2026-08-21T21:58:10Z	50406	3	NVIDIA H200	14	2445	143771	no	alive	163	0.967286
1787349490.165	2026-08-21T21:58:10Z	50406	4	NVIDIA H200	100	25002	143771	no	alive	163	0.967286
1787349490.165	2026-08-21T21:58:10Z	50406	5	NVIDIA H200	15	1356	143771	no	alive	163	0.967286
1787349490.165	2026-08-21T21:58:10Z	50406	6	NVIDIA H200	15	1356	143771	no	alive	163	0.967286
1787349490.165	2026-08-21T21:58:10Z	50406	7	NVIDIA H200	0	4	143771	no	alive	163	0.967286
1787351290.383	2026-08-21T22:28:10Z	52206	0	NVIDIA H200	0	2187	143771	yes	alive	165	0.967286
1787351290.383	2026-08-21T22:28:10Z	52206	1	NVIDIA H200	15	1356	143771	no	alive	165	0.967286
1787351290.383	2026-08-21T22:28:10Z	52206	2	NVIDIA H200	14	1356	143771	no	alive	165	0.967286
1787351290.383	2026-08-21T22:28:10Z	52206	3	NVIDIA H200	15	2445	143771	no	alive	165	0.967286
1787351290.383	2026-08-21T22:28:10Z	52206	4	NVIDIA H200	100	25001	143771	no	alive	165	0.967286
1787351290.383	2026-08-21T22:28:10Z	52206	5	NVIDIA H200	15	1356	143771	no	alive	165	0.967286
1787351290.383	2026-08-21T22:28:10Z	52206	6	NVIDIA H200	13	1356	143771	no	alive	165	0.967286
1787351290.383	2026-08-21T22:28:10Z	52206	7	NVIDIA H200	0	4	143771	no	alive	165	0.967286
1787353090.594	2026-08-21T22:58:10Z	54006	0	NVIDIA H200	0	2187	143771	yes	alive	167	0.967286
1787353090.594	2026-08-21T22:58:10Z	54006	1	NVIDIA H200	21	1356	143771	no	alive	167	0.967286
1787353090.594	2026-08-21T22:58:10Z	54006	2	NVIDIA H200	19	1356	143771	no	alive	167	0.967286
1787353090.594	2026-08-21T22:58:10Z	54006	3	NVIDIA H200	20	2445	143771	no	alive	167	0.967286
1787353090.594	2026-08-21T22:58:10Z	54006	4	NVIDIA H200	100	25001	143771	no	alive	167	0.967286
1787353090.594	2026-08-21T22:58:10Z	54006	5	NVIDIA H200	18	1356	143771	no	alive	167	0.967286
1787353090.594	2026-08-21T22:58:10Z	54006	6	NVIDIA H200	18	1356	143771	no	alive	167	0.967286
1787353090.594	2026-08-21T22:58:10Z	54006	7	NVIDIA H200	0	4	143771	no	alive	167	0.967286
1787354890.801	2026-08-21T23:28:10Z	55806	0	NVIDIA H200	0	2187	143771	yes	alive	169	0.967286
1787354890.801	2026-08-21T23:28:10Z	55806	1	NVIDIA H200	20	1356	143771	no	alive	169	0.967286
1787354890.801	2026-08-21T23:28:10Z	55806	2	NVIDIA H200	21	1356	143771	no	alive	169	0.967286
1787354890.801	2026-08-21T23:28:10Z	55806	3	NVIDIA H200	21	2445	143771	no	alive	169	0.967286
1787354890.801	2026-08-21T23:28:10Z	55806	4	NVIDIA H200	100	25001	143771	no	alive	169	0.967286
1787354890.801	2026-08-21T23:28:10Z	55806	5	NVIDIA H200	19	1356	143771	no	alive	169	0.967286
1787354890.801	2026-08-21T23:28:10Z	55806	6	NVIDIA H200	21	1356	143771	no	alive	169	0.967286
1787354890.801	2026-08-21T23:28:10Z	55806	7	NVIDIA H200	0	4	143771	no	alive	169	0.967286
1787356690.985	2026-08-21T23:58:10Z	57607	0	NVIDIA H200	0	2187	143771	yes	alive	172	0.967286
1787356690.985	2026-08-21T23:58:10Z	57607	1	NVIDIA H200	21	1356	143771	no	alive	172	0.967286
1787356690.985	2026-08-21T23:58:10Z	57607	2	NVIDIA H200	21	1356	143771	no	alive	172	0.967286
1787356690.985	2026-08-21T23:58:10Z	57607	3	NVIDIA H200	21	2445	143771	no	alive	172	0.967286
1787356690.985	2026-08-21T23:58:10Z	57607	4	NVIDIA H200	100	25001	143771	no	alive	172	0.967286
1787356690.985	2026-08-21T23:58:10Z	57607	5	NVIDIA H200	19	1356	143771	no	alive	172	0.967286
1787356690.985	2026-08-21T23:58:10Z	57607	6	NVIDIA H200	19	1356	143771	no	alive	172	0.967286
1787356690.985	2026-08-21T23:58:10Z	57607	7	NVIDIA H200	0	4	143771	no	alive	172	0.967286
1787358491.190	2026-08-22T00:28:11Z	59407	0	NVIDIA H200	0	2187	143771	yes	alive	174	0.967286
1787358491.190	2026-08-22T00:28:11Z	59407	1	NVIDIA H200	21	1356	143771	no	alive	174	0.967286
1787358491.190	2026-08-22T00:28:11Z	59407	2	NVIDIA H200	21	1356	143771	no	alive	174	0.967286
1787358491.190	2026-08-22T00:28:11Z	59407	3	NVIDIA H200	21	2445	143771	no	alive	174	0.967286
1787358491.190	2026-08-22T00:28:11Z	59407	4	NVIDIA H200	100	25001	143771	no	alive	174	0.967286
1787358491.190	2026-08-22T00:28:11Z	59407	5	NVIDIA H200	20	1356	143771	no	alive	174	0.967286
1787358491.190	2026-08-22T00:28:11Z	59407	6	NVIDIA H200	18	1356	143771	no	alive	174	0.967286
1787358491.190	2026-08-22T00:28:11Z	59407	7	NVIDIA H200	0	4	143771	no	alive	174	0.967286
1787360291.385	2026-08-22T00:58:11Z	61207	0	NVIDIA H200	0	2187	143771	yes	alive	176	0.967286
1787360291.385	2026-08-22T00:58:11Z	61207	1	NVIDIA H200	11	1356	143771	no	alive	176	0.967286
1787360291.385	2026-08-22T00:58:11Z	61207	2	NVIDIA H200	15	1356	143771	no	alive	176	0.967286
1787360291.385	2026-08-22T00:58:11Z	61207	3	NVIDIA H200	11	2445	143771	no	alive	176	0.967286
1787360291.385	2026-08-22T00:58:11Z	61207	4	NVIDIA H200	100	25001	143771	no	alive	176	0.967286
1787360291.385	2026-08-22T00:58:11Z	61207	5	NVIDIA H200	12	1356	143771	no	alive	176	0.967286
1787360291.385	2026-08-22T00:58:11Z	61207	6	NVIDIA H200	16	1356	143771	no	alive	176	0.967286
1787360291.385	2026-08-22T00:58:11Z	61207	7	NVIDIA H200	0	4	143771	no	alive	176	0.967286
1787362091.635	2026-08-22T01:28:11Z	63007	0	NVIDIA H200	0	2187	143771	yes	alive	178	0.967286
1787362091.635	2026-08-22T01:28:11Z	63007	1	NVIDIA H200	10	1356	143771	no	alive	178	0.967286
1787362091.635	2026-08-22T01:28:11Z	63007	2	NVIDIA H200	11	1356	143771	no	alive	178	0.967286
1787362091.635	2026-08-22T01:28:11Z	63007	3	NVIDIA H200	10	2445	143771	no	alive	178	0.967286
1787362091.635	2026-08-22T01:28:11Z	63007	4	NVIDIA H200	100	25001	143771	no	alive	178	0.967286
1787362091.635	2026-08-22T01:28:11Z	63007	5	NVIDIA H200	10	1356	143771	no	alive	178	0.967286
1787362091.635	2026-08-22T01:28:11Z	63007	6	NVIDIA H200	11	1356	143771	no	alive	178	0.967286
1787362091.635	2026-08-22T01:28:11Z	63007	7	NVIDIA H200	0	2603	143771	no	alive	178	0.967286
1787363892.400	2026-08-22T01:58:12Z	64808	0	NVIDIA H200	0	2187	143771	yes	alive	180	0.967286
1787363892.400	2026-08-22T01:58:12Z	64808	1	NVIDIA H200	71	6089	143771	no	alive	180	0.967286
1787363892.400	2026-08-22T01:58:12Z	64808	2	NVIDIA H200	82	6089	143771	no	alive	180	0.967286
1787363892.400	2026-08-22T01:58:12Z	64808	3	NVIDIA H200	8	2445	143771	no	alive	180	0.967286
1787363892.400	2026-08-22T01:58:12Z	64808	4	NVIDIA H200	6	1139	143771	no	alive	180	0.967286
1787363892.400	2026-08-22T01:58:12Z	64808	5	NVIDIA H200	10	1356	143771	no	alive	180	0.967286
1787363892.400	2026-08-22T01:58:12Z	64808	6	NVIDIA H200	7	1356	143771	no	alive	180	0.967286
1787363892.400	2026-08-22T01:58:12Z	64808	7	NVIDIA H200	0	2603	143771	no	alive	180	0.967286
1787365693.286	2026-08-22T02:28:13Z	66609	0	NVIDIA H200	0	2187	143771	yes	alive	182	0.967286
1787365693.286	2026-08-22T02:28:13Z	66609	1	NVIDIA H200	12	6089	143771	no	alive	182	0.967286
1787365693.286	2026-08-22T02:28:13Z	66609	2	NVIDIA H200	46	6089	143771	no	alive	182	0.967286
1787365693.286	2026-08-22T02:28:13Z	66609	3	NVIDIA H200	12	2445	143771	no	alive	182	0.967286
1787365693.286	2026-08-22T02:28:13Z	66609	4	NVIDIA H200	9	1139	143771	no	alive	182	0.967286
1787365693.286	2026-08-22T02:28:13Z	66609	5	NVIDIA H200	8	1356	143771	no	alive	182	0.967286
1787365693.286	2026-08-22T02:28:13Z	66609	6	NVIDIA H200	7	1356	143771	no	alive	182	0.967286
1787365693.286	2026-08-22T02:28:13Z	66609	7	NVIDIA H200	0	2603	143771	no	alive	182	0.967286
1787367494.060	2026-08-22T02:58:14Z	68410	0	NVIDIA H200	0	2187	143771	yes	alive	184	0.967286
1787367494.060	2026-08-22T02:58:14Z	68410	1	NVIDIA H200	82	6089	143771	no	alive	184	0.967286
1787367494.060	2026-08-22T02:58:14Z	68410	2	NVIDIA H200	84	6089	143771	no	alive	184	0.967286
1787367494.060	2026-08-22T02:58:14Z	68410	3	NVIDIA H200	5	2445	143771	no	alive	184	0.967286
1787367494.060	2026-08-22T02:58:14Z	68410	4	NVIDIA H200	4	1139	143771	no	alive	184	0.967286
1787367494.060	2026-08-22T02:58:14Z	68410	5	NVIDIA H200	11	1356	143771	no	alive	184	0.967286
1787367494.060	2026-08-22T02:58:14Z	68410	6	NVIDIA H200	11	1356	143771	no	alive	184	0.967286
1787367494.060	2026-08-22T02:58:14Z	68410	7	NVIDIA H200	0	2603	143771	no	alive	184	0.967286
1787369294.672	2026-08-22T03:28:14Z	70210	0	NVIDIA H200	0	2187	143771	yes	alive	187	0.967286
1787369294.672	2026-08-22T03:28:14Z	70210	1	NVIDIA H200	9	1356	143771	no	alive	187	0.967286
1787369294.672	2026-08-22T03:28:14Z	70210	2	NVIDIA H200	11	1356	143771	no	alive	187	0.967286
1787369294.672	2026-08-22T03:28:14Z	70210	3	NVIDIA H200	11	2445	143771	no	alive	187	0.967286
1787369294.672	2026-08-22T03:28:14Z	70210	4	NVIDIA H200	8	1139	143771	no	alive	187	0.967286
1787369294.672	2026-08-22T03:28:14Z	70210	5	NVIDIA H200	9	1356	143771	no	alive	187	0.967286
1787369294.672	2026-08-22T03:28:14Z	70210	6	NVIDIA H200	7	6069	143771	no	alive	187	0.967286
1787369294.672	2026-08-22T03:28:14Z	70210	7	NVIDIA H200	0	2603	143771	no	alive	187	0.967286
1787371095.355	2026-08-22T03:58:15Z	72011	0	NVIDIA H200	0	2187	143771	yes	alive	189	0.967286
1787371095.355	2026-08-22T03:58:15Z	72011	1	NVIDIA H200	22	5567	143771	no	alive	189	0.967286
1787371095.355	2026-08-22T03:58:15Z	72011	2	NVIDIA H200	42	5567	143771	no	alive	189	0.967286
1787371095.355	2026-08-22T03:58:15Z	72011	3	NVIDIA H200	8	2445	143771	no	alive	189	0.967286
1787371095.355	2026-08-22T03:58:15Z	72011	4	NVIDIA H200	37	5351	143771	no	alive	189	0.967286
1787371095.355	2026-08-22T03:58:15Z	72011	5	NVIDIA H200	34	5567	143771	no	alive	189	0.967286
1787371095.355	2026-08-22T03:58:15Z	72011	6	NVIDIA H200	28	5567	143771	no	alive	189	0.967286
1787371095.355	2026-08-22T03:58:15Z	72011	7	NVIDIA H200	0	6815	143771	no	alive	189	0.967286
1787372896.045	2026-08-22T04:28:16Z	73812	0	NVIDIA H200	0	4786	143771	yes	alive	191	0.967286
1787372896.045	2026-08-22T04:28:16Z	73812	1	NVIDIA H200	9	1356	143771	no	alive	191	0.967286
1787372896.045	2026-08-22T04:28:16Z	73812	2	NVIDIA H200	7	1356	143771	no	alive	191	0.967286
1787372896.045	2026-08-22T04:28:16Z	73812	3	NVIDIA H200	9	2445	143771	no	alive	191	0.967286
1787372896.045	2026-08-22T04:28:16Z	73812	4	NVIDIA H200	11	1139	143771	no	alive	191	0.967286
1787372896.045	2026-08-22T04:28:16Z	73812	5	NVIDIA H200	8	1356	143771	no	alive	191	0.967286
1787372896.045	2026-08-22T04:28:16Z	73812	6	NVIDIA H200	7	1356	143771	no	alive	191	0.967286
1787372896.045	2026-08-22T04:28:16Z	73812	7	NVIDIA H200	0	2603	143771	no	alive	191	0.967286
1787374696.802	2026-08-22T04:58:16Z	75612	0	NVIDIA H200	0	4786	143771	yes	alive	193	0.967286
1787374696.802	2026-08-22T04:58:16Z	75612	1	NVIDIA H200	11	1356	143771	no	alive	193	0.967286
1787374696.802	2026-08-22T04:58:16Z	75612	2	NVIDIA H200	10	1356	143771	no	alive	193	0.967286
1787374696.802	2026-08-22T04:58:16Z	75612	3	NVIDIA H200	5	2445	143771	no	alive	193	0.967286
1787374696.802	2026-08-22T04:58:16Z	75612	4	NVIDIA H200	6	1139	143771	no	alive	193	0.967286
1787374696.802	2026-08-22T04:58:16Z	75612	5	NVIDIA H200	11	1356	143771	no	alive	193	0.967286
1787374696.802	2026-08-22T04:58:16Z	75612	6	NVIDIA H200	3	1356	143771	no	alive	193	0.967286
1787374696.802	2026-08-22T04:58:16Z	75612	7	NVIDIA H200	0	2603	143771	no	alive	193	0.967286
1787376497.769	2026-08-22T05:28:17Z	77413	0	NVIDIA H200	100	28218	143771	yes	alive	195	0.967286
1787376497.769	2026-08-22T05:28:17Z	77413	1	NVIDIA H200	6	11221	143771	no	alive	195	0.967286
1787376497.769	2026-08-22T05:28:17Z	77413	2	NVIDIA H200	38	11221	143771	no	alive	195	0.967286
1787376497.769	2026-08-22T05:28:17Z	77413	3	NVIDIA H200	7	2445	143771	no	alive	195	0.967286
1787376497.769	2026-08-22T05:28:17Z	77413	4	NVIDIA H200	6	11005	143771	no	alive	195	0.967286
1787376497.769	2026-08-22T05:28:17Z	77413	5	NVIDIA H200	8	11221	143771	no	alive	195	0.967286
1787376497.769	2026-08-22T05:28:17Z	77413	6	NVIDIA H200	6	11221	143771	no	alive	195	0.967286
1787376497.769	2026-08-22T05:28:17Z	77413	7	NVIDIA H200	0	12469	143771	no	alive	195	0.967286
1787378298.872	2026-08-22T05:58:18Z	79214	0	NVIDIA H200	100	28218	143771	yes	alive	197	0.967286
1787378298.872	2026-08-22T05:58:18Z	79214	1	NVIDIA H200	39	11221	143771	no	alive	197	0.967286
1787378298.872	2026-08-22T05:58:18Z	79214	2	NVIDIA H200	12	11221	143771	no	alive	197	0.967286
1787378298.872	2026-08-22T05:58:18Z	79214	3	NVIDIA H200	12	2445	143771	no	alive	197	0.967286
1787378298.872	2026-08-22T05:58:18Z	79214	4	NVIDIA H200	7	11005	143771	no	alive	197	0.967286
1787378298.872	2026-08-22T05:58:18Z	79214	5	NVIDIA H200	6	11221	143771	no	alive	197	0.967286
1787378298.872	2026-08-22T05:58:18Z	79214	6	NVIDIA H200	9	11221	143771	no	alive	197	0.967286
1787378298.872	2026-08-22T05:58:18Z	79214	7	NVIDIA H200	0	12469	143771	no	alive	197	0.967286
1787380099.851	2026-08-22T06:28:19Z	81015	0	NVIDIA H200	100	28218	143771	yes	alive	199	0.967286
1787380099.851	2026-08-22T06:28:19Z	81015	1	NVIDIA H200	44	11221	143771	no	alive	199	0.967286
1787380099.851	2026-08-22T06:28:19Z	81015	2	NVIDIA H200	13	11221	143771	no	alive	199	0.967286
1787380099.851	2026-08-22T06:28:19Z	81015	3	NVIDIA H200	8	2445	143771	no	alive	199	0.967286
1787380099.851	2026-08-22T06:28:19Z	81015	4	NVIDIA H200	11	11005	143771	no	alive	199	0.967286
1787380099.851	2026-08-22T06:28:19Z	81015	5	NVIDIA H200	9	11221	143771	no	alive	199	0.967286
1787380099.851	2026-08-22T06:28:19Z	81015	6	NVIDIA H200	11	11221	143771	no	alive	199	0.967286
1787380099.851	2026-08-22T06:28:19Z	81015	7	NVIDIA H200	18	12469	143771	no	alive	199	0.967286
1787381900.483	2026-08-22T06:58:20Z	82816	0	NVIDIA H200	100	28218	143771	yes	alive	201	0.967286
1787381900.483	2026-08-22T06:58:20Z	82816	1	NVIDIA H200	7	11221	143771	no	alive	201	0.967286
1787381900.483	2026-08-22T06:58:20Z	82816	2	NVIDIA H200	7	11221	143771	no	alive	201	0.967286
1787381900.483	2026-08-22T06:58:20Z	82816	3	NVIDIA H200	7	2445	143771	no	alive	201	0.967286
1787381900.483	2026-08-22T06:58:20Z	82816	4	NVIDIA H200	7	11005	143771	no	alive	201	0.967286
1787381900.483	2026-08-22T06:58:20Z	82816	5	NVIDIA H200	6	11221	143771	no	alive	201	0.967286
1787381900.483	2026-08-22T06:58:20Z	82816	6	NVIDIA H200	7	11221	143771	no	alive	201	0.967286
1787381900.483	2026-08-22T06:58:20Z	82816	7	NVIDIA H200	16	12469	143771	no	alive	201	0.967286
1787383701.427	2026-08-22T07:28:21Z	84617	0	NVIDIA H200	2	28218	143771	yes	alive	204	0.967286
1787383701.427	2026-08-22T07:28:21Z	84617	1	NVIDIA H200	57	19712	143771	no	alive	204	0.967286
1787383701.427	2026-08-22T07:28:21Z	84617	2	NVIDIA H200	51	19712	143771	no	alive	204	0.967286
1787383701.427	2026-08-22T07:28:21Z	84617	3	NVIDIA H200	6	2445	143771	no	alive	204	0.967286
1787383701.427	2026-08-22T07:28:21Z	84617	4	NVIDIA H200	8	11005	143771	no	alive	204	0.967286
1787383701.427	2026-08-22T07:28:21Z	84617	5	NVIDIA H200	5	11221	143771	no	alive	204	0.967286
1787383701.427	2026-08-22T07:28:21Z	84617	6	NVIDIA H200	29	11221	143771	no	alive	204	0.967286
1787383701.427	2026-08-22T07:28:21Z	84617	7	NVIDIA H200	0	12469	143771	no	alive	204	0.967286
